benchmark,set_size,recurring_pct,run,pid_threshold,n_recurring_expected,n_after_filter,t_total_ms,t_link_ms,t_decrypt_ms,t_per_input_cft_ms,t_ngo_ms,t_judge_ms,t_police_ms
direct-decrypt,10,10,1,1,1,10,241.993595,0,241.993595,24.1993595,78.897895,79.58786,83.50784
direct-decrypt,10,10,2,1,1,10,240.717627,0,240.717627,24.0717627,78.802262,78.431734,83.483631
direct-decrypt,10,10,3,1,1,10,239.058989,0,239.058989,23.9058989,78.085216,78.098636,82.875137
direct-decrypt,10,10,4,1,1,10,239.619169,0,239.619169,23.9619169,77.669209,78.896649,83.053311
direct-decrypt,10,10,5,1,1,10,239.694517,0,239.694517,23.9694517,78.239341,78.640097,82.815079
direct-decrypt,10,10,6,1,1,10,240.188606,0,240.188606,24.0188606,79.000373,78.369593,82.81864
direct-decrypt,10,10,7,1,1,10,240.602823,0,240.602823,24.0602823,79.303813,78.494159,82.804851
direct-decrypt,10,10,8,1,1,10,238.723457,0,238.723457,23.8723457,78.181331,77.567302,82.974824
direct-decrypt,10,10,9,1,1,10,239.97781,0,239.97781,23.997781,78.480494,78.557891,82.939425
direct-decrypt,10,10,10,1,1,10,239.876063,0,239.876063,23.9876063,78.372157,78.132377,83.371529
direct-decrypt,10,20,1,1,2,10,240.695938,0,240.695938,24.0695938,78.552663,78.64687,83.496405
direct-decrypt,10,20,2,1,2,10,238.747227,0,238.747227,23.8747227,78.108826,77.801066,82.837335
direct-decrypt,10,20,3,1,2,10,240.38939,0,240.38939,24.038939,78.575512,78.333859,83.480019
direct-decrypt,10,20,4,1,2,10,238.965861,0,238.965861,23.8965861,78.175943,77.868512,82.921406
direct-decrypt,10,20,5,1,2,10,239.704606,0,239.704606,23.970460600000003,78.165971,78.492841,83.045794
direct-decrypt,10,20,6,1,2,10,240.115974,0,240.115974,24.0115974,78.90887,78.592589,82.614515
direct-decrypt,10,20,7,1,2,10,239.689937,0,239.689937,23.9689937,78.454932,78.471105,82.7639
direct-decrypt,10,20,8,1,2,10,240.177608,0,240.177608,24.017760799999998,78.591172,78.591633,82.994803
direct-decrypt,10,20,9,1,2,10,239.68948,0,239.68948,23.968948,78.373518,78.088646,83.227316
direct-decrypt,10,20,10,1,2,10,239.999833,0,239.999833,23.9999833,78.467868,78.36779,83.164175
direct-decrypt,10,50,1,1,5,10,239.582894,0,239.582894,23.9582894,78.095488,78.253943,83.233463
direct-decrypt,10,50,2,1,5,10,239.601855,0,239.601855,23.9601855,78.471557,78.062727,83.067571
direct-decrypt,10,50,3,1,5,10,239.715643,0,239.715643,23.9715643,78.077467,78.437258,83.200918
direct-decrypt,10,50,4,1,5,10,239.7557,0,239.7557,23.975569999999998,78.422059,78.107052,83.226589
direct-decrypt,10,50,5,1,5,10,239.29483,0,239.29483,23.929482999999998,78.515254,78.23232,82.547256
direct-decrypt,10,50,6,1,5,10,240.621887,0,240.621887,24.0621887,78.66408,78.580302,83.377505
direct-decrypt,10,50,7,1,5,10,240.546309,0,240.546309,24.0546309,78.503099,78.47197,83.57124
direct-decrypt,10,50,8,1,5,10,239.901145,0,239.901145,23.9901145,78.0532,78.293224,83.554721
direct-decrypt,10,50,9,1,5,10,240.279989,0,240.279989,24.0279989,79.06219,78.545702,82.672097
direct-decrypt,10,50,10,1,5,10,239.908907,0,239.908907,23.9908907,78.661399,78.398005,82.849503
direct-decrypt,20,10,1,2,2,20,482.148589,0,482.148589,24.10742945,158.151793,157.520726,166.47607
direct-decrypt,20,10,2,2,2,20,479.03021,0,479.03021,23.9515105,156.933808,156.610325,165.486077
direct-decrypt,20,10,3,2,2,20,481.461621,0,481.461621,24.07308105,157.35832,157.962906,166.140395
direct-decrypt,20,10,4,2,2,20,480.269322,0,480.269322,24.0134661,157.10875,157.041629,166.118943
direct-decrypt,20,10,5,2,2,20,479.012217,0,479.012217,23.95061085,156.304138,157.048123,165.659956
direct-decrypt,20,10,6,2,2,20,480.677812,0,480.677812,24.0338906,157.856756,156.904834,165.916222
direct-decrypt,20,10,7,2,2,20,480.549904,0,480.549904,24.0274952,157.565546,157.307821,165.676537
direct-decrypt,20,10,8,2,2,20,478.177536,0,478.177536,23.908876799999998,155.989876,157.073757,165.113903
direct-decrypt,20,10,9,2,2,20,482.514901,0,482.514901,24.12574505,157.897621,158.038168,166.579112
direct-decrypt,20,10,10,2,2,20,481.561686,0,481.561686,24.0780843,157.050826,157.486884,167.023976
direct-decrypt,20,20,1,2,4,20,480.661397,0,480.661397,24.03306985,157.15309,157.372189,166.136118
direct-decrypt,20,20,2,2,4,20,480.488499,0,480.488499,24.02442495,157.100302,157.306054,166.082143
direct-decrypt,20,20,3,2,4,20,478.646023,0,478.646023,23.93230115,156.305343,157.021673,165.319007
direct-decrypt,20,20,4,2,4,20,479.405174,0,479.405174,23.9702587,156.220342,157.168507,166.016325
direct-decrypt,20,20,5,2,4,20,480.334037,0,480.334037,24.01670185,158.116257,156.810926,165.406854
direct-decrypt,20,20,6,2,4,20,480.381724,0,480.381724,24.0190862,157.784533,156.880537,165.716654
direct-decrypt,20,20,7,2,4,20,481.368552,0,481.368552,24.0684276,157.523746,158.02028,165.824526
direct-decrypt,20,20,8,2,4,20,483.149743,0,483.149743,24.15748715,156.985659,159.35439,166.809694
direct-decrypt,20,20,9,2,4,20,480.747759,0,480.747759,24.03738795,157.661031,157.385992,165.700736
direct-decrypt,20,20,10,2,4,20,482.728199,0,482.728199,24.13640995,158.12493,158.586524,166.016745
direct-decrypt,20,50,1,2,10,20,480.69084,0,480.69084,24.034542,157.516318,156.851427,166.323095
direct-decrypt,20,50,2,2,10,20,482.367383,0,482.367383,24.11836915,158.028233,158.25988,166.07927
direct-decrypt,20,50,3,2,10,20,481.660627,0,481.660627,24.08303135,157.609815,157.294448,166.756364
direct-decrypt,20,50,4,2,10,20,479.039074,0,479.039074,23.9519537,155.925998,157.071496,166.04158
direct-decrypt,20,50,5,2,10,20,480.446713,0,480.446713,24.02233565,157.0767,157.344556,166.025457
direct-decrypt,20,50,6,2,10,20,478.220103,0,478.220103,23.91100515,156.128348,157.129403,164.962352
direct-decrypt,20,50,7,2,10,20,481.271398,0,481.271398,24.063569899999997,157.326218,157.835022,166.110158
direct-decrypt,20,50,8,2,10,20,481.017335,0,481.017335,24.05086675,157.685444,157.647783,165.684108
direct-decrypt,20,50,9,2,10,20,480.945411,0,480.945411,24.04727055,157.583412,157.068276,166.293723
direct-decrypt,20,50,10,2,10,20,479.297616,0,479.297616,23.9648808,156.924124,156.397257,165.976235
direct-decrypt,50,10,1,5,5,50,1201.184802,0,1201.184802,24.02369604,393.343699,392.930557,414.910546
direct-decrypt,50,10,2,5,5,50,1201.254578,0,1201.254578,24.02509156,394.082243,393.005621,414.166714
direct-decrypt,50,10,3,5,5,50,1200.390753,0,1200.390753,24.00781506,390.59036,393.767619,416.032774
direct-decrypt,50,10,4,5,5,50,1205.741708,0,1205.741708,24.11483416,395.13829,396.353522,414.249896
direct-decrypt,50,10,5,5,5,50,1199.346544,0,1199.346544,23.98693088,392.998748,392.429764,413.918032
direct-decrypt,50,10,6,5,5,50,1202.300462,0,1202.300462,24.04600924,393.09071,393.97369,415.236062
direct-decrypt,50,10,7,5,5,50,1201.533879,0,1201.533879,24.030677580000003,394.345819,393.578556,413.609504
direct-decrypt,50,10,8,5,5,50,1203.762726,0,1203.762726,24.075254519999998,394.443266,393.54578,415.77368
direct-decrypt,50,10,9,5,5,50,1204.413419,0,1204.413419,24.08826838,394.844708,393.000047,416.568664
direct-decrypt,50,10,10,5,5,50,1200.11798,0,1200.11798,24.0023596,394.442517,391.332768,414.342695
direct-decrypt,50,20,1,5,10,50,1201.465565,0,1201.465565,24.0293113,391.806022,394.786972,414.872571
direct-decrypt,50,20,2,5,10,50,1202.374272,0,1202.374272,24.04748544,393.540064,393.413519,415.420689
direct-decrypt,50,20,3,5,10,50,1200.070501,0,1200.070501,24.001410019999998,394.055561,391.722156,414.292784
direct-decrypt,50,20,4,5,10,50,1199.688102,0,1199.688102,23.99376204,392.888758,393.085091,413.714253
direct-decrypt,50,20,5,5,10,50,1204.156828,0,1204.156828,24.08313656,394.747488,393.695652,415.713688
direct-decrypt,50,20,6,5,10,50,1203.716464,0,1203.716464,24.07432928,393.630459,394.096418,415.989587
direct-decrypt,50,20,7,5,10,50,1202.197557,0,1202.197557,24.04395114,395.511116,392.466672,414.219769
direct-decrypt,50,20,8,5,10,50,1201.55489,0,1201.55489,24.031097799999998,393.401344,394.548511,413.605035
direct-decrypt,50,20,9,5,10,50,1201.725563,0,1201.725563,24.03451126,393.251437,393.226781,415.247345
direct-decrypt,50,20,10,5,10,50,1200.087043,0,1200.087043,24.001740859999998,392.241987,392.724874,415.120182
direct-decrypt,50,50,1,5,25,50,1200.792327,0,1200.792327,24.01584654,392.854064,393.747691,414.190572
direct-decrypt,50,50,2,5,25,50,1202.955185,0,1202.955185,24.0591037,393.971774,393.985484,414.997927
direct-decrypt,50,50,3,5,25,50,1202.967664,0,1202.967664,24.05935328,393.601124,394.773654,414.592886
direct-decrypt,50,50,4,5,25,50,1206.185772,0,1206.185772,24.12371544,395.109131,394.573841,416.5028
direct-decrypt,50,50,5,5,25,50,1202.610377,0,1202.610377,24.052207539999998,394.598483,393.620921,414.390973
direct-decrypt,50,50,6,5,25,50,1200.385652,0,1200.385652,24.00771304,393.305362,391.626806,415.453484
direct-decrypt,50,50,7,5,25,50,1198.989375,0,1198.989375,23.9797875,392.129928,392.695526,414.163921
direct-decrypt,50,50,8,5,25,50,1199.093817,0,1199.093817,23.98187634,391.881961,393.113334,414.098522
direct-decrypt,50,50,9,5,25,50,1200.57816,0,1200.57816,24.0115632,392.496168,393.241576,414.840416
direct-decrypt,50,50,10,5,25,50,1199.114418,0,1199.114418,23.98228836,392.819036,392.386476,413.908906
direct-decrypt,100,10,1,10,10,100,2413.046061,0,2413.046061,24.13046061,791.361638,790.461081,831.223342
direct-decrypt,100,10,2,10,10,100,2407.551576,0,2407.551576,24.07551576,785.421276,789.208876,832.921424
direct-decrypt,100,10,3,10,10,100,2410.820336,0,2410.820336,24.10820336,789.290263,790.171478,831.358595
direct-decrypt,100,10,4,10,10,100,2407.924438,0,2407.924438,24.07924438,789.006039,787.549861,831.368538
direct-decrypt,100,10,5,10,10,100,2405.530862,0,2405.530862,24.05530862,788.66863,787.96635,828.895882
direct-decrypt,100,10,6,10,10,100,2400.163305,0,2400.163305,24.00163305,786.521431,783.277502,830.364372
direct-decrypt,100,10,7,10,10,100,2414.164087,0,2414.164087,24.14164087,795.805456,788.025971,830.33266
direct-decrypt,100,10,8,10,10,100,2403.369328,0,2403.369328,24.03369328,789.693047,785.269117,828.407164
direct-decrypt,100,10,9,10,10,100,2405.711099,0,2405.711099,24.05711099,789.13466,784.736452,831.839987
direct-decrypt,100,10,10,10,10,100,2413.411979,0,2413.411979,24.13411979,788.694845,795.626829,829.090305
direct-decrypt,100,20,1,10,20,100,2405.00135,0,2405.00135,24.0500135,785.327607,786.957451,832.716292
direct-decrypt,100,20,2,10,20,100,2401.330746,0,2401.330746,24.01330746,784.1765,785.502967,831.651279
direct-decrypt,100,20,3,10,20,100,2403.811418,0,2403.811418,24.038114179999997,788.158121,786.097102,829.556195
direct-decrypt,100,20,4,10,20,100,2399.869883,0,2399.869883,23.99869883,784.474178,787.910516,827.485189
direct-decrypt,100,20,5,10,20,100,2408.64491,0,2408.64491,24.0864491,790.675422,788.522277,829.447211
direct-decrypt,100,20,6,10,20,100,2402.171384,0,2402.171384,24.021713840000004,785.988261,785.7427,830.440423
direct-decrypt,100,20,7,10,20,100,2413.218751,0,2413.218751,24.132187509999998,798.288148,786.268068,828.662535
direct-decrypt,100,20,8,10,20,100,2413.312548,0,2413.312548,24.13312548,789.309847,785.770758,838.231943
direct-decrypt,100,20,9,10,20,100,2402.423669,0,2402.423669,24.02423669,785.774875,785.83348,830.815314
direct-decrypt,100,20,10,10,20,100,2412.060409,0,2412.060409,24.12060409,789.994918,790.920057,831.145434
direct-decrypt,100,50,1,10,50,100,2414.770018,0,2414.770018,24.14770018,791.657596,791.596461,831.515961
direct-decrypt,100,50,2,10,50,100,2403.282254,0,2403.282254,24.03282254,787.402757,785.393543,830.485954
direct-decrypt,100,50,3,10,50,100,2401.723446,0,2401.723446,24.01723446,788.467846,787.193809,826.061791
direct-decrypt,100,50,4,10,50,100,2402.45123,0,2402.45123,24.0245123,790.161143,784.336987,827.9531
direct-decrypt,100,50,5,10,50,100,2406.025105,0,2406.025105,24.06025105,786.321672,787.686099,832.017334
direct-decrypt,100,50,6,10,50,100,2446.55034,0,2446.55034,24.4655034,834.157567,783.423728,828.969045
direct-decrypt,100,50,7,10,50,100,2405.363092,0,2405.363092,24.05363092,785.652811,787.18747,832.522811
direct-decrypt,100,50,8,10,50,100,2406.466018,0,2406.466018,24.06466018,788.514993,785.986561,831.964464
direct-decrypt,100,50,9,10,50,100,2402.079163,0,2402.079163,24.020791629999998,787.684923,784.085348,830.308892
direct-decrypt,100,50,10,10,50,100,2408.154485,0,2408.154485,24.08154485,788.247638,787.944979,831.961868
direct-decrypt,500,10,1,50,50,500,11952.556126,0,11952.556126,23.905112252,3906.019232,3905.14807,4141.388824
direct-decrypt,500,10,2,50,50,500,11964.213262,0,11964.213262,23.928426524,3898.230795,3915.460429,4150.522038
direct-decrypt,500,10,3,50,50,500,12080.734561,0,12080.734561,24.161469122,3932.222658,3940.797115,4207.714788
direct-decrypt,500,10,4,50,50,500,12052.935712,0,12052.935712,24.105871424,3953.69968,3935.896184,4163.339848
direct-decrypt,500,10,5,50,50,500,12043.760039,0,12043.760039,24.087520078,3957.574957,3928.703344,4157.481738
direct-decrypt,500,10,6,50,50,500,12005.647097,0,12005.647097,24.011294193999998,3930.556084,3928.730185,4146.360828
direct-decrypt,500,10,7,50,50,500,12012.492534,0,12012.492534,24.024985068000003,3933.887097,3933.592917,4145.01252
direct-decrypt,500,10,8,50,50,500,12022.590138,0,12022.590138,24.045180276,3920.007402,3943.521461,4159.061275
direct-decrypt,500,10,9,50,50,500,12048.015925,0,12048.015925,24.09603185,3943.058539,3946.74197,4158.215416
direct-decrypt,500,10,10,50,50,500,12054.550368,0,12054.550368,24.109100736000002,3930.415121,3950.13598,4173.999267
direct-decrypt,500,20,1,50,100,500,12035.126256,0,12035.126256,24.070252512,3942.137868,3954.14522,4138.843168
direct-decrypt,500,20,2,50,100,500,12039.678444,0,12039.678444,24.079356888,3944.763534,3944.059149,4150.855761
direct-decrypt,500,20,3,50,100,500,12020.712733,0,12020.712733,24.041425466,3944.617457,3924.940261,4151.155015
direct-decrypt,500,20,4,50,100,500,12026.7256,0,12026.7256,24.053451199999998,3964.538412,3930.042017,4132.145171
direct-decrypt,500,20,5,50,100,500,12009.699969,0,12009.699969,24.019399938,3919.849793,3934.958647,4154.891529
direct-decrypt,500,20,6,50,100,500,12024.608775,0,12024.608775,24.04921755,3930.975338,3934.667448,4158.965989
direct-decrypt,500,20,7,50,100,500,12024.677046,0,12024.677046,24.049354092,3936.47541,3934.614892,4153.586744
direct-decrypt,500,20,8,50,100,500,12048.0746,0,12048.0746,24.0961492,3947.510335,3948.126729,4152.437536
direct-decrypt,500,20,9,50,100,500,11977.19783,0,11977.19783,23.95439566,3911.93456,3916.187924,4149.075346
direct-decrypt,500,20,10,50,100,500,12079.422718,0,12079.422718,24.158845436,3939.047822,3944.991019,4195.383877
direct-decrypt,500,50,1,50,250,500,12222.987952,0,12222.987952,24.445975903999997,3950.070897,4110.385073,4162.531982
direct-decrypt,500,50,2,50,250,500,12009.140369,0,12009.140369,24.018280738,3929.842673,3937.233932,4142.063764
direct-decrypt,500,50,3,50,250,500,12036.841708,0,12036.841708,24.073683416,3933.991893,3939.352494,4163.497321
direct-decrypt,500,50,4,50,250,500,12121.228376,0,12121.228376,24.242456752,3986.762594,3980.24872,4154.217062
direct-decrypt,500,50,5,50,250,500,11977.449216,0,11977.449216,23.954898432,3920.684746,3911.762925,4145.001545
direct-decrypt,500,50,6,50,250,500,11988.819265,0,11988.819265,23.97763853,3930.505363,3925.858113,4132.455789
direct-decrypt,500,50,7,50,250,500,11981.950128,0,11981.950128,23.963900256000002,3925.560363,3915.404444,4140.985321
direct-decrypt,500,50,8,50,250,500,12040.538625,0,12040.538625,24.08107725,3930.246626,3952.553864,4157.738135
direct-decrypt,500,50,9,50,250,500,12003.030257,0,12003.030257,24.006060514,3919.947378,3932.723962,4150.358917
direct-decrypt,500,50,10,50,250,500,12049.583202,0,12049.583202,24.099166403999998,3952.8954,3955.547227,4141.140575
direct-decrypt,1000,10,1,100,100,1000,24023.15253,0,24023.15253,24.02315253,7875.726368,7877.503642,8269.92252
direct-decrypt,1000,10,2,100,100,1000,23976.317966,0,23976.317966,23.976317966,7850.415116,7841.651455,8284.251395
direct-decrypt,1000,10,3,100,100,1000,23981.399498,0,23981.399498,23.981399498,7845.50549,7842.559176,8293.334832
direct-decrypt,1000,10,4,100,100,1000,24046.331014,0,24046.331014,24.046331014,7858.553339,7857.063963,8330.713712
direct-decrypt,1000,10,5,100,100,1000,24047.271489,0,24047.271489,24.047271489,7872.106935,7871.113128,8304.051426
direct-decrypt,1000,10,6,100,100,1000,24029.353371,0,24029.353371,24.029353371000003,7851.756436,7870.786932,8306.810003
direct-decrypt,1000,10,7,100,100,1000,23970.766363,0,23970.766363,23.970766363,7821.675929,7840.871641,8308.218793
direct-decrypt,1000,10,8,100,100,1000,24058.311306,0,24058.311306,24.058311306,7902.159182,7875.741827,8280.410297
direct-decrypt,1000,10,9,100,100,1000,24033.941784,0,24033.941784,24.033941784,7853.551296,7875.146839,8305.243649
direct-decrypt,1000,10,10,100,100,1000,24040.731862,0,24040.731862,24.040731862,7866.440171,7847.151878,8327.139813
direct-decrypt,1000,20,1,100,200,1000,24050.967093,0,24050.967093,24.050967093,7863.580361,7893.769749,8293.616983
direct-decrypt,1000,20,2,100,200,1000,24074.650319,0,24074.650319,24.074650319,7865.189374,7877.792147,8331.668798
direct-decrypt,1000,20,3,100,200,1000,24061.631876,0,24061.631876,24.061631876,7866.11674,7884.351112,8311.164024
direct-decrypt,1000,20,4,100,200,1000,24021.727367,0,24021.727367,24.021727367,7845.683865,7874.563553,8301.479949
direct-decrypt,1000,20,5,100,200,1000,24081.665549,0,24081.665549,24.081665549,7863.106906,7882.246856,8336.311787
direct-decrypt,1000,20,6,100,200,1000,23982.820327,0,23982.820327,23.982820327000002,7811.702385,7833.388687,8337.729255
direct-decrypt,1000,20,7,100,200,1000,23927.674567,0,23927.674567,23.927674566999997,7840.946069,7810.486685,8276.241813
direct-decrypt,1000,20,8,100,200,1000,24153.607717,0,24153.607717,24.153607717,7950.054009,7892.236385,8311.317323
direct-decrypt,1000,20,9,100,200,1000,24024.335746,0,24024.335746,24.024335746000002,7845.657877,7862.634053,8316.043816
direct-decrypt,1000,20,10,100,200,1000,24041.031317,0,24041.031317,24.041031317,7883.107251,7868.902429,8289.021637
direct-decrypt,1000,50,1,100,500,1000,24017.590072,0,24017.590072,24.017590071999997,7841.388762,7868.335178,8307.866132
direct-decrypt,1000,50,2,100,500,1000,24112.507281,0,24112.507281,24.112507281,7850.729456,7950.838358,8310.939467
direct-decrypt,1000,50,3,100,500,1000,24021.563438,0,24021.563438,24.021563438,7862.464802,7856.943313,8302.155323
direct-decrypt,1000,50,4,100,500,1000,23941.482077,0,23941.482077,23.941482077,7807.084944,7855.943493,8278.45364
direct-decrypt,1000,50,5,100,500,1000,24151.981868,0,24151.981868,24.151981868,7880.982765,7915.757333,8355.24177
direct-decrypt,1000,50,6,100,500,1000,24062.113404,0,24062.113404,24.062113403999998,7864.422568,7839.150366,8358.54047
direct-decrypt,1000,50,7,100,500,1000,24047.85958,0,24047.85958,24.04785958,7849.948443,7883.698849,8314.212288
direct-decrypt,1000,50,8,100,500,1000,23965.797657,0,23965.797657,23.965797657,7816.278759,7801.882092,8347.636806
direct-decrypt,1000,50,9,100,500,1000,24032.926081,0,24032.926081,24.032926081000003,7875.785343,7847.670953,8309.469785
direct-decrypt,1000,50,10,100,500,1000,24075.960685,0,24075.960685,24.075960685,7860.689193,7889.288001,8325.983491
direct-decrypt,2000,10,1,200,200,2000,48091.276055,0,48091.276055,24.0456380275,15762.055441,15712.153217,16617.067397
direct-decrypt,2000,10,2,200,200,2000,48146.078807,0,48146.078807,24.073039403499997,15727.358676,15797.973382,16620.746749
direct-decrypt,2000,10,3,200,200,2000,48089.283375,0,48089.283375,24.0446416875,15726.842426,15747.174977,16615.265972
direct-decrypt,2000,10,4,200,200,2000,47794.797071,0,47794.797071,23.8973985355,15609.603462,15627.643484,16557.550125
direct-decrypt,2000,10,5,200,200,2000,48399.08119,0,48399.08119,24.199540595,15831.391882,15848.670477,16719.018831
direct-decrypt,2000,10,6,200,200,2000,48058.67575,0,48058.67575,24.029337875,15698.249973,15732.605885,16627.819892
direct-decrypt,2000,10,7,200,200,2000,48135.846249,0,48135.846249,24.067923124500002,15716.169458,15791.537111,16628.13968
direct-decrypt,2000,10,8,200,200,2000,48152.086015,0,48152.086015,24.0760430075,15725.263045,15689.454065,16737.368905
direct-decrypt,2000,10,9,200,200,2000,48220.465724,0,48220.465724,24.110232862,15800.061281,15728.238637,16692.165806
direct-decrypt,2000,10,10,200,200,2000,48147.217297,0,48147.217297,24.073608648500002,15829.034749,15763.422105,16554.760443
direct-decrypt,2000,20,1,200,400,2000,48062.787854,0,48062.787854,24.031393927,15745.778302,15712.071094,16604.938458
direct-decrypt,2000,20,2,200,400,2000,48208.152922,0,48208.152922,24.104076461000002,15709.779779,15762.835634,16735.537509
direct-decrypt,2000,20,3,200,400,2000,48050.423289,0,48050.423289,24.0252116445,15745.249587,15707.698625,16597.475077
direct-decrypt,2000,20,4,200,400,2000,48047.196962,0,48047.196962,24.023598481,15690.967016,15759.695301,16596.534645
direct-decrypt,2000,20,5,200,400,2000,48095.95278,0,48095.95278,24.04797639,15667.476223,15844.781678,16583.694879
direct-decrypt,2000,20,6,200,400,2000,48133.955764,0,48133.955764,24.066977882,15745.14704,15845.427999,16543.380725
direct-decrypt,2000,20,7,200,400,2000,48083.496183,0,48083.496183,24.0417480915,15687.779898,15710.456513,16685.259772
direct-decrypt,2000,20,8,200,400,2000,48015.882184,0,48015.882184,24.007941092,15696.906097,15721.513525,16597.462562
direct-decrypt,2000,20,9,200,400,2000,48151.032901,0,48151.032901,24.0755164505,15699.785434,15748.006496,16703.240971
direct-decrypt,2000,20,10,200,400,2000,47986.398472,0,47986.398472,23.993199236,15681.385219,15705.386904,16599.626349
direct-decrypt,2000,50,1,200,1000,2000,48034.986535,0,48034.986535,24.017493267499997,15652.401324,15721.254998,16661.330213
direct-decrypt,2000,50,2,200,1000,2000,47996.970433,0,47996.970433,23.9984852165,15688.168001,15703.975625,16604.826807
direct-decrypt,2000,50,3,200,1000,2000,48066.15082,0,48066.15082,24.033075410000002,15679.24228,15760.412601,16626.495939
direct-decrypt,2000,50,4,200,1000,2000,48005.33917,0,48005.33917,24.002669585,15688.761017,15656.904649,16659.673504
direct-decrypt,2000,50,5,200,1000,2000,47981.220392,0,47981.220392,23.990610196000002,15672.938226,15718.05704,16590.225126
direct-decrypt,2000,50,6,200,1000,2000,48073.657619,0,48073.657619,24.036828809499998,15713.406398,15772.404493,16587.846728
direct-decrypt,2000,50,7,200,1000,2000,48145.492242,0,48145.492242,24.072746121,15675.934115,15742.325274,16727.232853
direct-decrypt,2000,50,8,200,1000,2000,48141.045893,0,48141.045893,24.070522946500002,15725.853487,15778.957201,16636.235205
direct-decrypt,2000,50,9,200,1000,2000,48070.273981,0,48070.273981,24.0351369905,15709.88007,15744.661534,16615.732377
direct-decrypt,2000,50,10,200,1000,2000,48235.276953,0,48235.276953,24.1176384765,15742.337318,15835.119255,16657.82038
direct-decrypt,4000,10,1,400,400,4000,96571.993744,0,96571.993744,24.142998436000003,31542.319373,31713.431991,33316.24238
direct-decrypt,4000,10,2,400,400,4000,96204.569977,0,96204.569977,24.05114249425,31335.064244,31633.175311,33236.330422
direct-decrypt,4000,10,3,400,400,4000,96024.045895,0,96024.045895,24.00601147375,31477.996764,31359.442796,33186.606335
direct-decrypt,4000,10,4,400,400,4000,96843.317079,0,96843.317079,24.21082926975,31741.150085,31838.977871,33263.189123
direct-decrypt,4000,10,5,400,400,4000,96317.826656,0,96317.826656,24.079456664000002,31607.76453,31522.845914,33187.216212
direct-decrypt,4000,10,6,400,400,4000,96031.926824,0,96031.926824,24.007981706,31497.564653,31305.509007,33228.853164
direct-decrypt,4000,10,7,400,400,4000,96232.685783,0,96232.685783,24.05817144575,31423.946244,31459.612229,33349.12731
direct-decrypt,4000,10,8,400,400,4000,96166.214233,0,96166.214233,24.04155355825,31411.651344,31385.077674,33369.485215
direct-decrypt,4000,10,9,400,400,4000,96409.121182,0,96409.121182,24.1022802955,31613.814144,31505.549845,33289.757193
direct-decrypt,4000,10,10,400,400,4000,96209.053795,0,96209.053795,24.05226344875,31391.177667,31635.272621,33182.603507
direct-decrypt,4000,20,1,400,800,4000,96158.662858,0,96158.662858,24.0396657145,31459.565314,31625.681166,33073.416378
direct-decrypt,4000,20,2,400,800,4000,96248.117291,0,96248.117291,24.06202932275,31376.562626,31575.270799,33296.283866
direct-decrypt,4000,20,3,400,800,4000,96483.820991,0,96483.820991,24.12095524775,31510.222871,31609.822122,33363.775998
direct-decrypt,4000,20,4,400,800,4000,96311.769587,0,96311.769587,24.07794239675,31458.075863,31450.448158,33403.245566
direct-decrypt,4000,20,5,400,800,4000,96072.938901,0,96072.938901,24.01823472525,31443.664589,31459.580359,33169.693953
direct-decrypt,4000,20,6,400,800,4000,96202.151546,0,96202.151546,24.0505378865,31543.496122,31426.801886,33231.853538
direct-decrypt,4000,20,7,400,800,4000,96220.606423,0,96220.606423,24.05515160575,31503.736948,31533.774161,33183.095314
direct-decrypt,4000,20,8,400,800,4000,96441.346495,0,96441.346495,24.11033662375,31328.233667,31501.460481,33611.652347
direct-decrypt,4000,20,9,400,800,4000,96260.526327,0,96260.526327,24.06513158175,31488.665545,31537.584051,33234.276731
direct-decrypt,4000,20,10,400,800,4000,96066.494497,0,96066.494497,24.016623624250002,31415.43888,31442.996048,33208.059569
direct-decrypt,4000,50,1,400,2000,4000,96206.931104,0,96206.931104,24.051732776,31548.986786,31493.724492,33164.219826
direct-decrypt,4000,50,2,400,2000,4000,96115.143641,0,96115.143641,24.02878591025,31443.346981,31464.984785,33206.811875
direct-decrypt,4000,50,3,400,2000,4000,96302.676167,0,96302.676167,24.07566904175,31435.55974,31597.183295,33269.933132
direct-decrypt,4000,50,4,400,2000,4000,96173.920789,0,96173.920789,24.04348019725,31542.531102,31340.26396,33291.125727
direct-decrypt,4000,50,5,400,2000,4000,96198.289135,0,96198.289135,24.04957228375,31499.239624,31480.153521,33218.89599
direct-decrypt,4000,50,6,400,2000,4000,96220.471272,0,96220.471272,24.055117818,31498.156444,31494.424827,33227.890001
direct-decrypt,4000,50,7,400,2000,4000,96249.41509,0,96249.41509,24.0623537725,31558.659347,31500.465126,33190.290617
direct-decrypt,4000,50,8,400,2000,4000,96316.171036,0,96316.171036,24.079042759,31483.388842,31522.222473,33310.559721
direct-decrypt,4000,50,9,400,2000,4000,96351.185268,0,96351.185268,24.087796317,31481.403716,31565.982454,33303.799098
direct-decrypt,4000,50,10,400,2000,4000,96258.72466,0,96258.72466,24.064681165000003,31586.322478,31415.170804,33257.231378
direct-decrypt,8000,10,1,800,800,8000,192654.426041,0,192654.426041,24.081803255125,62966.78189,63021.031822,66666.612329
direct-decrypt,8000,10,2,800,800,8000,192533.398803,0,192533.398803,24.066674850374998,62976.470641,63010.585867,66546.342295
direct-decrypt,8000,10,3,800,800,8000,192946.559478,0,192946.559478,24.11831993475,62960.01631,63356.358294,66630.184874
direct-decrypt,8000,10,4,800,800,8000,192461.651187,0,192461.651187,24.057706398375,62898.036793,63035.560787,66528.053607
direct-decrypt,8000,10,5,800,800,8000,192766.953688,0,192766.953688,24.095869211,63123.505124,63241.814644,66401.63392
direct-decrypt,8000,10,6,800,800,8000,191992.997917,0,191992.997917,23.999124739625,62776.58663,62840.570822,66375.840465
direct-decrypt,8000,10,7,800,800,8000,192595.468596,0,192595.468596,24.0744335745,62878.348431,63251.061149,66466.059016
direct-decrypt,8000,10,8,800,800,8000,192321.204317,0,192321.204317,24.040150539625,62959.140724,62888.614186,66473.449407
direct-decrypt,8000,10,9,800,800,8000,192146.142322,0,192146.142322,24.01826779025,62974.819029,62668.938063,66502.38523
direct-decrypt,8000,10,10,800,800,8000,192743.513742,0,192743.513742,24.09293921775,63017.656787,63016.191637,66709.665318
direct-decrypt,8000,20,1,800,1600,8000,192734.164447,0,192734.164447,24.091770555874998,63063.224542,63180.879004,66490.060901
direct-decrypt,8000,20,2,800,1600,8000,192706.878831,0,192706.878831,24.088359853875,62911.336947,63042.067601,66753.474283
direct-decrypt,8000,20,3,800,1600,8000,192749.339603,0,192749.339603,24.093667450375,62998.97667,63027.29484,66723.068093
direct-decrypt,8000,20,4,800,1600,8000,193272.683867,0,193272.683867,24.159085483375,63084.095289,63300.780817,66887.807761
direct-decrypt,8000,20,5,800,1600,8000,192496.705118,0,192496.705118,24.062088139750003,62928.983116,62863.441068,66704.280934
direct-decrypt,8000,20,6,800,1600,8000,192736.844919,0,192736.844919,24.092105614875,62936.631109,63303.715149,66496.498661
direct-decrypt,8000,20,7,800,1600,8000,192547.74279,0,192547.74279,24.06846784875,62943.743613,63160.033202,66443.965975
direct-decrypt,8000,20,8,800,1600,8000,192451.492725,0,192451.492725,24.056436590624998,62961.494764,62866.152537,66623.845424
direct-decrypt,8000,20,9,800,1600,8000,192688.943808,0,192688.943808,24.086117976,63154.601118,63068.930003,66465.412687
direct-decrypt,8000,20,10,800,1600,8000,192470.376481,0,192470.376481,24.058797060125002,62928.258181,63064.226515,66477.891785
direct-decrypt,8000,50,1,800,4000,8000,192397.225167,0,192397.225167,24.049653145875,62908.710218,62815.897198,66672.617751
direct-decrypt,8000,50,2,800,4000,8000,192621.181061,0,192621.181061,24.077647632625002,62993.182641,62981.974766,66646.023654
direct-decrypt,8000,50,3,800,4000,8000,192851.073984,0,192851.073984,24.106384247999998,62977.932385,63091.581181,66781.560418
direct-decrypt,8000,50,4,800,4000,8000,192659.806946,0,192659.806946,24.08247586825,63100.838107,63041.108774,66517.860065
direct-decrypt,8000,50,5,800,4000,8000,192829.09757,0,192829.09757,24.103637196250002,63244.874658,63073.854189,66510.368723
direct-decrypt,8000,50,6,800,4000,8000,192411.987431,0,192411.987431,24.051498428875,62976.299872,62880.578359,66555.1092
direct-decrypt,8000,50,7,800,4000,8000,192957.374144,0,192957.374144,24.119671768,63086.862635,63270.222994,66600.288515
direct-decrypt,8000,50,8,800,4000,8000,192562.279114,0,192562.279114,24.07028488925,62853.269052,62920.501896,66788.508166
direct-decrypt,8000,50,9,800,4000,8000,194348.444849,0,194348.444849,24.293555606125,63617.302888,63770.772923,66960.369038
direct-decrypt,8000,50,10,800,4000,8000,192452.400472,0,192452.400472,24.056550059000003,62854.953537,62939.973313,66657.473622
