ts,variant,topology,use_dkg,n_ids,n_records,tau,threshold,n_parties,correct,n_above_tau_ground_truth,n_unique_ids_revealed,n_reveal_rounds,n_pets,n_pairs,mean_pet_ms,pet_phase_ms,spdz_wall_ms,spdz_process_ms,spdz_reported_ms,reveal_phase_ms,total_protocol_ms,te_add_us,te_add_ops_total,te_add_extrapolated_ms,ideal_estimate_total_ms,bytes_total,bytes_coord_to_parties,bytes_parties_to_coord,pct_ids
2026-05-16T09:06:21.445Z,C-spdz-te-estimate,coord,false,4,20,4,3,3,true,3,3,17,190,190,107.40915171578949,20417.776221,566.351993,183.468596,,1170.358502,22157.635545,,380,,,708189,358101,350088,20
2026-05-16T09:06:43.888Z,C-spdz-te-estimate,coord,false,4,20,4,3,3,true,3,3,17,190,190,100.06106254736838,19022.055208,178.967012,174.465123,,1213.054082,20416.151571,,380,,,708203,358133,350070,20
2026-05-16T09:07:05.542Z,C-spdz-te-estimate,coord,false,4,20,4,3,3,true,3,3,17,190,190,95.91263634210527,18234.138866,191.88715,186.182642,,1180.409956,19607.345771,,380,,,708244,358126,350118,20
2026-05-16T09:07:29.498Z,C-spdz-te-estimate,coord,false,6,20,4,3,3,true,2,2,11,190,190,110.15789588947368,20940.259317,187.747799,184.470412,,752.159785,21880.994529,,380,,,700204,354043,346161,30
2026-05-16T09:07:52.134Z,C-spdz-te-estimate,coord,false,6,20,4,3,3,true,2,2,10,190,190,103.33674513684214,19643.989125,193.00953,189.832474,,694.854499,20532.754273,,380,,,698825,353369,345456,30
2026-05-16T09:08:16.133Z,C-spdz-te-estimate,coord,false,6,20,4,3,3,true,2,2,11,190,190,110.20273973684209,20948.342587,191.785397,188.573492,,766.344833,21907.355135,,380,,,700294,354043,346251,30
2026-05-16T09:08:38.993Z,C-spdz-te-estimate,coord,false,8,20,4,3,3,true,2,2,8,190,190,105.08288441578941,19975.920518,194.177976,190.903861,,560.021222,20731.003603,,380,,,696211,352015,344196,40
2026-05-16T09:09:00.196Z,C-spdz-te-estimate,coord,false,8,20,4,3,3,true,1,1,6,190,190,97.06175870000001,18451.353718,190.517971,187.259706,,419.154816,19061.940542,,380,,,693641,350594,343047,40
2026-05-16T09:09:23.636Z,C-spdz-te-estimate,coord,false,8,20,4,3,3,true,2,2,8,190,190,108.12810056315796,20555.164905,189.082672,185.826788,,555.776149,21300.805142,,380,,,696286,351994,344292,40
2026-05-16T09:09:46.527Z,C-spdz-te-estimate,coord,false,10,20,4,3,3,true,1,1,4,190,190,106.70220433157894,20283.681005,197.327627,193.582839,,279.055955,20761.128136,,380,,,690881,349286,341595,50
2026-05-16T09:10:06.606Z,C-spdz-te-estimate,coord,false,10,20,4,3,3,true,1,1,6,190,190,91.12497268947371,17323.782332,169.403901,165.409142,,437.908666,17931.945224,,380,,,693574,350662,342912,50
2026-05-16T09:10:28.167Z,C-spdz-te-estimate,coord,false,10,20,4,3,3,true,2,2,10,190,190,98.23987035263164,18675.944343,185.520926,182.451985,,690.160222,19552.503468,,380,,,698909,353414,345495,50
2026-05-16T09:10:50.899Z,C-spdz-te-estimate,coord,false,15,20,4,3,3,true,2,2,8,190,190,103.9423376421053,19759.390397,176.566501,173.132296,,574.753573,20511.635315,,380,,,696306,351978,344328,75
2026-05-16T09:11:11.512Z,C-spdz-te-estimate,coord,false,15,20,4,3,3,true,0,0,0,190,190,95.99097978947374,18248.001976,184.518247,181.318095,,0.00538,18433.252308,,380,,,685686,346554,339132,75
2026-05-16T09:11:33.746Z,C-spdz-te-estimate,coord,false,15,20,4,3,3,true,1,1,4,190,190,102.78298931052628,19539.147703,193.781201,190.554109,,278.002091,20011.651391,,380,,,690970,349279,341691,75
2026-05-16T09:13:50.260Z,C-spdz-te-estimate,coord,false,10,50,4,3,3,true,8,8,45,1225,1225,104.98348852897952,128661.438784,1717.747502,610.233665,,3091.639353,133471.996356,,2450,,,4489194,2269422,2219772,20
2026-05-16T09:16:02.815Z,C-spdz-te-estimate,coord,false,10,50,4,3,3,true,7,7,43,1225,1225,102.6801044848979,125837.024032,630.24769,623.816124,,3019.632676,129488.012736,,2450,,,4486547,2267933,2218614,20
2026-05-16T09:18:23.672Z,C-spdz-te-estimate,coord,false,10,50,4,3,3,true,7,7,45,1225,1225,109.27899229714279,133923.689481,646.176471,637.895925,,3251.560487,137822.511945,,2450,,,4489232,2269541,2219691,20
2026-05-16T09:20:42.436Z,C-spdz-te-estimate,coord,false,15,50,4,3,3,true,6,6,30,1225,1225,108.41629330040826,132863.922585,595.710425,587.13256,,2121.856479,135582.629305,,2450,,,4469056,2258950,2210106,30
2026-05-16T09:22:45.987Z,C-spdz-te-estimate,coord,false,15,50,4,3,3,true,7,7,35,1225,1225,95.76068491265309,117354.870187,620.959528,613.724661,,2434.109534,120412.304001,,2450,,,4475946,2262669,2213277,30
2026-05-16T09:25:04.862Z,C-spdz-te-estimate,coord,false,15,50,4,3,3,true,6,6,30,1225,1225,108.51950212081623,132990.532484,634.009896,624.414588,,2126.571095,135753.379617,,2450,,,4469158,2258935,2210223,30
2026-05-16T09:27:19.437Z,C-spdz-te-estimate,coord,false,20,50,4,3,3,true,4,4,20,1225,1225,105.56170674040811,129367.170096,606.316359,599.347285,,1372.867409,131347.364339,,2450,,,4456207,2252353,2203854,40
2026-05-16T09:29:22.267Z,C-spdz-te-estimate,coord,false,20,50,4,3,3,true,5,5,20,1225,1225,95.95787262448981,117595.158813,621.624001,615.320162,,1410.423425,119628.230136,,2450,,,4456112,2252366,2203746,40
2026-05-16T09:31:30.499Z,C-spdz-te-estimate,coord,false,20,50,4,3,3,true,5,5,24,1225,1225,100.15128415265313,122740.815425,614.784058,603.961527,,1683.628902,125041.700696,,2450,,,4461553,2255128,2206425,40
2026-05-16T09:33:51.979Z,C-spdz-te-estimate,coord,false,25,50,4,3,3,true,4,4,19,1225,1225,111.1966491159182,136269.729791,613.234496,607.038107,,1316.472957,138200.381019,,2450,,,4454621,2251532,2203089,50
2026-05-16T09:36:05.376Z,C-spdz-te-estimate,coord,false,25,50,4,3,3,true,3,3,13,1225,1225,104.90850227020408,128568.909322,623.878129,617.203229,,917.701687,130111.573974,,2450,,,4446911,2247602,2199309,50
2026-05-16T09:38:19.418Z,C-spdz-te-estimate,coord,false,25,50,4,3,3,true,3,3,13,1225,1225,105.43902125142841,129217.259019,627.672598,611.093812,,910.092773,130757.757573,,2450,,,4446512,2247398,2199114,50
2026-05-16T09:40:31.377Z,C-spdz-te-estimate,coord,false,38,50,4,3,3,true,0,0,0,1225,1225,104.33405129224487,127862.141226,604.848289,598.236056,,0.00632,128467.905463,,2450,,,4429329,2238477,2190852,75
2026-05-16T09:42:36.499Z,C-spdz-te-estimate,coord,false,38,50,4,3,3,true,0,0,0,1225,1225,98.79821659346945,121080.05737,613.099207,603.189877,,0.00589,121694.189796,,2450,,,4429582,2238604,2190978,75
2026-05-16T09:44:53.285Z,C-spdz-te-estimate,coord,false,38,50,4,3,3,true,2,2,8,1225,1225,107.81680926938779,132129.280276,634.680011,621.407978,,565.00847,133330.573596,,2450,,,4439843,2244095,2195748,75
2026-05-16T09:53:46.084Z,C-spdz-te-estimate,coord,false,20,100,4,3,3,true,14,14,84,4950,4950,104.06267056202032,515317.459049,6869.652815,1998.217513,,5849.759909,528038.921557,,9900,,,18022605,9109656,8912949,20
2026-05-16T10:02:26.005Z,C-spdz-te-estimate,coord,false,20,100,4,3,3,true,14,14,83,4950,4950,102.46591282666657,507410.25499,2026.230393,2005.95186,,5768.34195,515206.824629,,9900,,,18021318,9108990,8912328,20
2026-05-16T10:11:27.643Z,C-spdz-te-estimate,coord,false,20,100,4,3,3,true,14,14,84,4950,4950,106.88592243050523,529300.836897,1856.278338,1834.269552,,5765.09172,536923.60423,,9900,,,18022649,9109361,8913288,20
2026-05-16T10:20:13.267Z,C-spdz-te-estimate,coord,false,30,100,4,3,3,true,13,13,66,4950,4950,103.82846019353563,514166.261849,1982.937498,1956.232784,,4570.30739,520722.558727,,9900,,,17998226,9096971,8901255,30
2026-05-16T10:29:03.739Z,C-spdz-te-estimate,coord,false,30,100,4,3,3,true,14,14,68,4950,4950,104.78523510949495,518895.680806,1962.284109,1945.153052,,4713.46067,525572.768119,,9900,,,18000663,9098259,8902404,30
2026-05-16T10:37:53.324Z,C-spdz-te-estimate,coord,false,30,100,4,3,3,true,11,11,61,4950,4950,104.69093545494947,518427.622522,2017.099856,1992.05605,,4227.915122,524676.381852,,9900,,,17992498,9094066,8898432,30
2026-05-16T10:46:35.707Z,C-spdz-te-estimate,coord,false,40,100,4,3,3,true,9,9,38,4950,4950,103.53659956848496,512719.878732,1955.41775,1932.635652,,2614.892272,517292.073713,,9900,,,17961524,9077807,8883717,40
2026-05-16T10:55:27.906Z,C-spdz-te-estimate,coord,false,40,100,4,3,3,true,9,9,43,4950,4950,105.45047790646491,522194.538882,1978.847901,1943.714373,,2978.790257,527157.945786,,9900,,,17967942,9081423,8886519,40
2026-05-16T11:04:16.496Z,C-spdz-te-estimate,coord,false,40,100,4,3,3,true,10,10,48,4950,4950,104.64597641171706,518211.24567,2005.440173,1988.682323,,3354.963006,523573.490686,,9900,,,17973936,9084402,8889534,40
2026-05-16T11:13:12.911Z,C-spdz-te-estimate,coord,false,50,100,4,3,3,true,7,7,32,4950,4950,106.40202636707083,526901.69463,2029.594442,2000.286918,,2262.969975,531196.754668,,9900,,,17953627,9073678,8879949,50
2026-05-16T11:22:21.595Z,C-spdz-te-estimate,coord,false,50,100,4,3,3,true,4,4,21,4950,4950,109.06875985979829,540099.754547,1908.014486,1887.937189,,1443.363716,543452.935515,,9900,,,17938751,9066410,8872341,50
2026-05-16T11:31:18.271Z,C-spdz-te-estimate,coord,false,50,100,4,3,3,true,6,6,28,4950,4950,106.53136467515176,527541.876977,2021.961659,2003.878103,,1959.211291,531524.248523,,9900,,,17947744,9071158,8876586,50
2026-05-16T11:40:24.199Z,C-spdz-te-estimate,coord,false,75,100,4,3,3,true,4,4,17,4950,4950,108.48724304262633,537225.687836,1988.9215,1971.944725,,1180.268275,540396.136077,,9900,,,17933245,9063463,8869782,75
2026-05-16T11:49:02.863Z,C-spdz-te-estimate,coord,false,75,100,4,3,3,true,3,3,13,4950,4950,103.03197219111094,510227.36272,1994.689778,1975.483367,,896.203295,513119.59513,,9900,,,17927540,9060611,8866929,75
2026-05-16T11:58:07.073Z,C-spdz-te-estimate,coord,false,75,100,4,3,3,true,2,2,9,4950,4950,108.25355332787873,536065.686349,1996.129415,1979.127422,,630.357152,538693.478441,,9900,,,17922834,9058347,8864487,75
2026-05-16T12:17:57.950Z,C-spdz-te-estimate,coord,false,30,150,4,3,3,true,22,22,132,11175,11175,103.66669325941793,1158933.856344,15967.216007,4249.299815,,9599.150138,1184502.068964,,22350,,,40709145,20574960,20134185,20
2026-05-16T12:39:29.378Z,C-spdz-te-estimate,coord,false,30,150,4,3,3,true,22,22,131,11175,11175,113.66663776017907,1270685.521387,4108.883924,4066.46765,,10138.138289,1284934.695219,,22350,,,40707408,20574132,20133276,20
2026-05-16T12:58:34.234Z,C-spdz-te-estimate,coord,false,30,150,4,3,3,true,24,24,137,11175,11175,100.59621925324379,1124613.909066,4197.715,4165.184621,,9554.071983,1138368.629319,,22350,,,40714689,20578344,20136345,20
2026-05-16T13:17:48.590Z,C-spdz-te-estimate,coord,false,45,150,4,3,3,true,18,18,92,11175,11175,101.81805874532436,1138281.331103,4022.306415,3983.111953,,5493.071246,1147798.399415,,22350,,,40656039,20547576,20108463,30
2026-05-16T13:37:00.035Z,C-spdz-te-estimate,coord,false,45,150,4,3,3,true,18,18,100,11175,11175,101.40377673440673,1133654.638778,4255.68648,4216.23616,,6937.466943,1144850.291952,,22350,,,40667347,20553529,20113818,30
2026-05-16T13:55:52.625Z,C-spdz-te-estimate,coord,false,45,150,4,3,3,true,17,17,91,11175,11175,99.80585036563755,1115784.170935,3974.709041,3942.572987,,6181.172886,1125941.616755,,22350,,,40653324,20546598,20106726,30
2026-05-16T14:14:41.033Z,C-spdz-te-estimate,coord,false,60,150,4,3,3,true,16,16,75,11175,11175,99.48898810559267,1112243.092521,4210.076428,4180.566273,,5128.898903,1121583.67544,,22350,,,40633283,20535935,20097348,40
2026-05-16T14:35:10.497Z,C-spdz-te-estimate,coord,false,60,150,4,3,3,true,16,16,74,11175,11175,108.54257724268469,1213417.320573,4103.57072,4067.676214,,5123.064755,1222646.157686,,22350,,,40631425,20535001,20096424,40
2026-05-16T14:54:34.339Z,C-spdz-te-estimate,coord,false,60,150,4,3,3,true,14,14,68,11175,11175,102.69251582434019,1148040.739749,4182.718188,4130.80378,,4731.701459,1156960.961642,,22350,,,40624471,20531788,20092683,40
2026-05-16T15:14:20.091Z,C-spdz-te-estimate,coord,false,75,150,4,3,3,true,13,13,57,11175,11175,104.7019053400451,1170499.591526,4183.162691,4150.769692,,3948.285177,1178632.507321,,22350,,,40608201,20523057,20085144,50
2026-05-16T15:33:21.878Z,C-spdz-te-estimate,coord,false,75,150,4,3,3,true,6,6,28,11175,11175,100.95556079230396,1128641.108371,4121.665568,4082.351949,,1953.603556,1134717.789981,,22350,,,40570623,20503599,20067024,50
2026-05-16T15:52:28.019Z,C-spdz-te-estimate,coord,false,75,150,4,3,3,true,11,11,54,11175,11175,101.19903456850051,1131358.514379,4095.406464,4061.71318,,3659.181765,1139114.680442,,22350,,,40605014,20521181,20083833,50
2026-05-16T16:12:12.430Z,C-spdz-te-estimate,coord,false,113,150,4,3,3,true,4,4,16,11175,11175,104.80139745977583,1171611.337963,4106.820461,4077.72317,,1108.006624,1176827.52207,,22350,,,40554776,20495627,20059149,75
2026-05-16T16:31:31.437Z,C-spdz-te-estimate,coord,false,113,150,4,3,3,true,9,9,37,11175,11175,102.39910834344452,1144756.331853,4113.272976,4079.320563,,2551.282927,1151422.366045,,22350,,,40582193,20509457,20072736,75
2026-05-16T16:50:20.392Z,C-spdz-te-estimate,coord,false,113,150,4,3,3,true,7,7,31,11175,11175,99.74364819767345,1115100.345976,4104.530144,4072.951016,,2157.962328,1121365.551682,,22350,,,40574365,20505475,20068890,75
2026-05-16T17:25:10.432Z,C-spdz-te-estimate,coord,false,40,200,4,3,3,true,31,31,175,19900,19900,102.34109396778858,2037362.386254,32223.236786,7071.028864,,12418.698107,2082008.845534,,39800,,,72499616,36641702,35857914,20
2026-05-16T18:00:31.485Z,C-spdz-te-estimate,coord,false,40,200,4,3,3,true,30,30,180,19900,19900,105.14367163221144,2093149.906531,6929.249111,6888.018628,,12951.479123,2113033.251974,,39800,,,72507977,36645182,35862795,20
2026-05-16T18:34:02.125Z,C-spdz-te-estimate,coord,false,40,200,4,3,3,true,30,30,174,19900,19900,99.68497718331658,1984515.787396,7030.250048,6989.353632,,11085.097922,2002634.010669,,39800,,,72499267,36641263,35858004,20
2026-05-16T19:07:58.767Z,C-spdz-te-estimate,coord,false,60,200,4,3,3,true,24,24,126,19900,19900,101.073064281256,2012133.419768,7144.656744,7103.120779,,9032.2397,2028314.308889,,39800,,,72434369,36608126,35826243,30
2026-05-16T19:41:33.818Z,C-spdz-te-estimate,coord,false,60,200,4,3,3,true,24,24,119,19900,19900,100.03681924859262,1991506.297979,7058.014688,7015.479219,,8140.962338,2006707.929481,,39800,,,72425716,36603247,35822469,30
2026-05-16T20:16:48.434Z,C-spdz-te-estimate,coord,false,60,200,4,3,3,true,27,27,136,19900,19900,104.9724357315579,2089738.101917,7126.438891,7083.54839,,9429.54718,2106298.456234,,39800,,,72448720,36615280,35833440,30
2026-05-16T20:50:49.483Z,C-spdz-te-estimate,coord,false,80,200,4,3,3,true,18,18,80,19900,19900,101.4714387701016,2020054.437949,6904.211659,6854.680343,,5487.701902,2032451.18404,,39800,,,72372482,36576074,35796408,40
2026-05-16T21:24:30.519Z,C-spdz-te-estimate,coord,false,80,200,4,3,3,true,16,16,88,19900,19900,100.42506802582902,1999230.364753,7051.427071,7012.1039,,6117.478166,2012402.809033,,39800,,,72385401,36582120,35803281,40
2026-05-16T21:57:26.137Z,C-spdz-te-estimate,coord,false,80,200,4,3,3,true,21,21,97,19900,19900,98.10320233783926,1953053.710282,7174.294315,7125.740024,,6771.404732,1967002.87683,,39800,,,72397709,36588236,35809473,40
2026-05-16T22:32:15.160Z,C-spdz-te-estimate,coord,false,100,200,4,3,3,true,14,14,67,19900,19900,103.88981445190979,2068185.476949,7162.674146,7118.309909,,4735.318145,2080087.687368,,39800,,,72356455,36567739,35788716,50
2026-05-16T23:06:47.678Z,C-spdz-te-estimate,coord,false,100,200,4,3,3,true,15,15,66,19900,19900,103.08504631402029,2052183.594613,6829.219283,6790.243398,,4547.812525,2063564.521034,,39800,,,72355030,36566896,35788134,50
2026-05-16T23:40:29.033Z,C-spdz-te-estimate,coord,false,100,200,4,3,3,true,12,12,55,19900,19900,100.54919301231175,2001717.79602,6795.664426,6754.912947,,3876.693545,2012392.82924,,39800,,,72340696,36558913,35781783,50
2026-05-17T00:13:18.030Z,C-spdz-te-estimate,coord,false,150,200,4,3,3,true,6,6,25,19900,19900,97.96230812577889,1950233.280005,7218.810537,7172.115354,,1762.601661,1959220.955646,,39800,,,72299317,36538207,35761110,75
2026-05-17T00:47:34.271Z,C-spdz-te-estimate,coord,false,150,200,4,3,3,true,7,7,31,19900,19900,102.34238119844247,2037420.689054,6988.709087,6947.032488,,2132.688777,2046544.742106,,39800,,,72310130,36543317,35766813,75
2026-05-17T01:20:43.775Z,C-spdz-te-estimate,coord,false,150,200,4,3,3,true,7,7,29,19900,19900,98.99157590658345,1970709.494547,7067.130602,7025.839981,,2002.156848,1979781.295158,,39800,,,72306257,36541505,35764752,75